<?xml version="1.0" encoding="UTF-8" standalone="yes"?>
<addon id="plugin.video.vietmediaF" name="VietmediaF Mod Fshare VIP" version="11.21" provider-name="mod_fsharevip">
    <requires>
    <import addon="xbmc.python" version="3.0.0"/>
    <import addon="script.module.six"/>
    <import addon="script.module.requests"/>
	<import addon="script.module.beautifulsoup4"/>
    </requires>
    <extension point="xbmc.python.pluginsource" library="default.py">
        <provides>video</provides>
    </extension>
	<extension point="xbmc.service" library="autorun.py"/>
	<extension point="xbmc.addon.metadata">
        <reuselanguageinvoker>true</reuselanguageinvoker>
        <summary lang="en">VietmediaF for Kodi 20</summary>
        <description lang="en">
            VietmediaF Mod sẵn Fshare VIP chỉ hoạt động trên VPN chỉ định.
        </description>
        <disclaimer lang="en">VietmediaF Mod sẵn Fshare VIP chỉ hoạt động trên VPN chỉ định. Nội dung lấy trên mạng và do người dùng tự upload lên. VietmediaF không chịu trách nhiệm về nội dung hiển thị bên trong addon.
        </disclaimer>
        <platform>all</platform>
        <assets>
            <icon>icon.png</icon>
        </assets>
    </extension>
</addon>
