<?xml version="1.0" encoding="UTF-8" standalone="yes"?>
<addon id="plugin.video.vnmedia" name="VN Media Mod Fshare VIP" version="2.9.9" provider-name="mod_fshare_vip">
<requires>
  <import addon="xbmc.python" version="3.0.1"/>
  <import addon="script.module.codequick" version="1.1.8"/>
  <import addon="script.module.beautifulsoup4" version="1.12.0"/>
  <import addon="script.module.cloudscraperkd" version="1.2.68"/>
  <import addon="script.module.inputstreamhelper" version="0.2.0"/>
  <import addon="inputstream.adaptive" version="20.0.0"/>
</requires>
<extension point="xbmc.python.pluginsource" library="mkendo.py">
  <provides>video</provides>
</extension>
<extension point="xbmc.service" library="service.py"/>
<extension point="xbmc.addon.metadata">
  <reuselanguageinvoker>true</reuselanguageinvoker>
  <summary lang="vi_VN">VN Media Omega</summary>
  <description lang="vi_VN">VN Media là tiện ích được phát triển bởi cộng đồng KODI Việt Nam, chỉ hoạt động trên Kodi 20+. Để cài đặt tiện ích này cần bật chế độ "Cập nhật các tiện ích từ Bất kỳ kho lưu trữ nào" trong Cài đặt/Hệ thống/Tiện ích/Không rõ nguồn gốc</description>
  <disclaimer lang="vi_VN">Nội dung được chia sẻ và lưu trữ bởi một ứng dụng bên thứ ba. VNM hoạt động giống như một công cụ thu thập tìm kiếm từ Internet. Chúng tôi không sở hữu, không lưu trữ nội dung này và sẽ không chịu trách nhiệm cho các vấn đề liên quan. Đề nghị khán giả cân nhắc nội dung khi sử dụng tài nguyên.</disclaimer>
  <platform>all</platform>
  <language>vi</language>
  <license>GPL-2.0-or-later</license>
  <assets>
    <icon>resources/lib/skeletons/logovnm.png</icon>
    <fanart>resources/lib/skeletons/logovnm.png</fanart>
  </assets>
  <news>Addon VN Media chỉ hoạt động trên Kodi 20+
Addon được mod sẵn account FSHARE VIP  
Nội dung được chia sẻ bởi người dùng internet.
VNM không kiểm soát cũng như không chịu trách nhiệm về nội dung được chia sẻ.
v2.9.9 (12:20 04.07.2023)
- Fix và tối ưu Fshare
- Fix socolive

v2.9.8 (01:20 04.07.2023)
- Fix VTVgo

v2.9.7 (21:20 03.07.2023)
- Fix tìm kiếm Fshare

v2.9.6 (22:20 02.07.2023)
- Fix Mobile Play

v2.9.5 (13:30 01.07.2023)
- Tối ưu và tăng tốc addon theo thời gian thực

v2.9.4 (11:20 01.07.2023)
- Fix lỗi play FS
- Bỏ gglive

v2.9.3 (08:10 30.06.2023)
- Fix hiển thị full trận nhóm cakhia, saoke
- Thêm list cvmedia world mục truyền hình
- Thêm tính năng bật tắt Lịch sử xem Fshare

v2.9.2 (23:00 29.06.2023)
- Fix nhấn back, tương thích với các giao diện

v2.9.1 (21:50 29.06.2023)
- Thêm phần chọn số trang trong hdvietnam

v2.9.0 (08:45 29.06.2023)
- Fix xem lại thapcam
- Thêm nguồn bóng đá Bonglive, Bongnhua
- Fix hiển thị trận đấu cakhia, caheo, saoke, mannhan, bonglive, bongnhua

v2.8.9 (17:45 28.06.2023)
- Fix hiển thị thông tin phim, tìm kiếm phim hdvietnam
- Fix play Fshare
- Fix hiển thị trận đấu nổi bật nhóm 90p, vebo, bongcam, thapcam

v2.8.8 (16:30 27.06.2023)
- Fix và tăng tốc nhóm 90p, vebo, bongcam, thapcam

v2.8.7 (12:10 27.06.2023)
- Fix tìm kiếm phim miễn phí, loại bỏ triệt để nhóm 18+
- Fix cakhia, saoke, bongcam
- Fix hiển thị nhóm mitom, xoilac
- Fix baomoi
- Fix thuvienhd
- Fix truyền hình Vĩnh Long
- Fix trực tiếp NBA

v2.8.6 (22:40 26.06.2023)
- Loại bỏ nhóm 18+ khỏi phim miễn phí

v2.8.5 (07:30 26.06.2023)
- Thêm thư viện Phim miễn phí
- Fix màu hiển thị kênh đang trực tiếp 90p, thapcam
- Fix Fshare

v2.8.4 (20:30 23.06.2023)
- Fix nhóm truyền hình KhangPlus
- Fix tìm kiếm Fshare
- Fix nhóm thuvienhd, thêm description chi tiết

v2.8.3 (17:00 20.06.2023)
- Sửa lỗi kết nối Fshare

v2.8.2 (10:00 20.06.2023)
- Tăng tốc nhóm kênh 90phut, thapcam, bongcam, tương thích với tất cả các nhà mạng

v2.8.1 (17:50 19.06.2023)
- Sửa lại và tối ưu các kênh 90phut, thapcam, bongcam
- Sửa lại mục truyền hình xem lại

v2.8.0 (17:30 03.06.2023)
- Thêm 1 số list truyền hình
- Thêm mục fullmatch 90p, thapcam
- Thêm mục highlights 90p, thapcam
- Loại bỏ vk.com

v2.7.9 (15:45 31.05.2023)
- Sửa list truyền hình PhapSonyTx5
- Thêm list truyền hình CVMedia
- Loại bỏ yêu cầu cài addon ngôn ngữ tiếng Việt
  </news>
</extension>
</addon>